Title_Clean,Snippet_Clean
"['presidenti', 'elect', 'candid', 'new']","['nov', 'republican', 'read', 'candid', 'issu', 'donald', 'trump', 'nikki', 'haley', 'vivek', 'ramaswami', 'asa', 'hutchinson', 'ryan', 'binkley', 'ron']"
"['elect', 'new', 'poll', 'result', 'cnn', 'polit']","['day', 'ago', 'let', 'cnn', 'guid', 'elect', 'track', 'campaign', 'presidenti', 'candid', 'stand', 'key', 'issu']"
"['trump', 'lead', 'biden', 'nearli', 'everi', 'battleground', 'state', 'new', 'poll']","['nov', 'presid', 'biden', 'trail', 'donald', 'trump', 'five', 'six', 'import', 'battleground', 'state', 'one', 'year', 'elect']"
"['putin', 'wo', 'make', 'peac', 'ukrain', 'u', 'elect']","['day', 'ago', 'russian', 'presid', 'vladimir', 'putin', 'make', 'peac', 'ukrain', 'know', 'result', 'novemb', 'elect']"
"['u', 'presidenti', 'elect', 'candid', 'reuter']","['sep', 'seven', 'republican', 'candid', 'jostl', 'parti', 'presidenti', 'nomine', 'gener', 'elect', 'presid', 'joe', 'biden']"
"['presidenti', 'candid', 'run', 'side']","['ron', 'desanti', 'governor', 'florida', 'former', 'repres', 'long', 'view', 'strongest', 'potenti', 'challeng', 'trump', 'gain', 'nation']"
"['presidenti', 'candid', 'republican', 'field', 'cnn', 'polit']","['nov', 'republican', 'presidenti', 'candid', 'vy', 'take', 'presid', 'joe', 'biden', 'novemb', 'first', 'theyr', 'compet']"
"['biden', 'trail', 'trump', 'u', 'elect', 'key', 'state', 'poll', 'show']","['nov', 'democrat', 'presid', 'joe', 'biden', 'trail', 'republican', 'frontrunn', 'donald', 'trump', 'five', 'six', 'import', 'battleground', 'state', 'exactli']"
"['presidenti', 'elect', 'calendar', 'key', 'date', 'event', 'cnn']","['key', 'date', 'presidenti', 'elect', 'includ', 'voter', 'deadlin', 'debat', 'republican', 'democrat', 'convent', 'state', 'primari', 'caucu']"
"['elect', 'new', 'top', 'headlin', 'latest', 'poll', 'analysi']","['u', 'elect', 'chair', 'desanti', 'super', 'pac', 'quit', 'latest', 'blow', 'presidenti', 'campaign', 'georgia', 'republican', 'advanc', 'new', 'u', 'hous', 'map', 'maintain']"
"['abort', 'right', 'advoc', 'democrat', 'score', 'win', 'u', 'elect']","['nov', 'outcom', 'ohio', 'boost', 'effort', 'alreadi', 'underway', 'put', 'similar', 'ballot', 'measur', 'voter', 'sever', 'state', 'includ', 'swing']"
"['meta', 'thwart', 'chine', 'propaganda', 'threat', 'u', 'democraci']","['day', 'ago', 'come', 'u', 'offici', 'brace', 'tumultu', 'divis', 'presidenti', 'elect', 'larg', 'swath', 'elector']"
"['biden', 'trump', 'unpopular', 'buoy', 'third', 'parti', 'hope', 'u']","['nov', 'biden', 'trump', 'unpopular', 'buoy', 'third', 'parti', 'hope', 'u', 'elect', 'new', 'york', 'nov', 'reuter', 'face', 'like', 'choic', 'republican']"
"['elect', 'stand', 'one', 'year', 'abc', 'new']","['nov', 'elect', 'decid', 'day', 'futur', 'data', 'current', 'point', 'anoth', 'close', 'race']"
"['presidenti', 'elect', 'calendar', 'primari', 'caucu', 'event', 'date']","['primari', 'elect', 'calendar', 'republican', 'presidenti', 'primari', 'kick', 'iowa', 'caucus', 'follow', 'new', 'hampshir']"
"['u', 'presidenti', 'elect', 'date', 'candid', 'latest', 'issu']","['sep', 'gener', 'elect', 'held', 'key', 'issu', 'abort', 'democrat', 'plan', 'make', 'abort', 'central']"
"['grow', 'seri', 'alarm', 'blare', 'feder', 'courtroom', 'le']","['day', 'ago', 'grow', 'seri', 'alarm', 'blare', 'feder', 'courtroom', 'le', 'year', 'presidenti', 'elect', 'scott', 'macfarlan']"
"['biggest', 'elect', 'year', 'histori', 'economist']","['nov', 'unit', 'stateswil', 'hold', 'elect', 'half', 'elect', 'neither', 'free', 'fair', 'mani', 'prerequisit', 'democraci']"
"['run', 'presid', 'see', 'rundown', 'candid']","['jun', 'ron', 'desanti', 'florida', 'governor', 'offici', 'launch', 'presidenti', 'campaign', 'may', 'twitter', 'announc', 'cast']"
"['conserv', 'group', 'draw', 'plan', 'dismantl', 'u', 'govern']","['aug', 'year', 'go', 'elect', 'constel', 'conserv', 'organ', 'prepar', 'possibl', 'second', 'white']"
"['explain', 'elect', 'denier', 'could', 'win']","['nov', 'sever', 'republican', 'candid', 'governor', 'secretari', 'state', 'next', 'week', 'congression', 'elect', 'elect', 'denier']"
"['totalenergi', 'bos', 'elect', 'could', 'caus', 'energi', 'shock']","['jul', 'presidenti', 'elect', 'could', 'trigger', 'major', 'energi', 'shock', 'republican', 'win', 'decid', 'halt', 'hydrocarbon', 'export']"
"['insight', 'midterm', 'reliev', 'elect', 'offici', 'look']","['nov', 'elect', 'offici', 'brace', 'death', 'threat', 'unrest', 'ahead', 'midterm', 'said', 'extens', 'prepar', 'assur', 'mostli', 'peac']"
"['elect', 'conspiraci', 'movement', 'grind', 'approach', 'ap']","['mar', 'barrel', 'toward', 'next', 'presidenti', 'elect', 'elect', 'conspiraci', 'movement', 'mushroom', 'last', 'one', 'show']"
"['one', 'year', 'presidenti', 'elect', 'poll', 'say']","['nov', 'new', 'new', 'york', 'time', 'sienna', 'poll', 'found', 'former', 'presid', 'donald', 'trump', 'run', 'ahead', 'presid', 'joe', 'biden', 'key', 'swing', 'state']"
"['recent', 'elect', 'poll', 'tell', 'u', 'npr']","['nov', 'year', 'elect', 'day', 'democrat', 'got', 'good', 'news', 'poll', 'there', 'also', 'concern', 'parti', 'presid', 'biden']"
"['donald', 'trump', 'announc', 'white', 'hous', 'bid', 'cnn', 'polit']","['nov', 'presidenti', 'elect', 'would', 'make', 'harder', 'win', 'nation', 'elect', 'throughout', 'speech', 'trump', 'made', 'clear']"
"['overwhelm', 'major', 'american', 'see', 'democraci', 'risk', 'ahead']","['oct', 'american', 'democraci', 'risk', 'presidenti', 'elect', 'democrat', 'like', 'hold', 'view', 'support']"
"['elect', 'ap', 'new']","['could', 'preview', 'gener', 'elect', 'debat', 'clash', 'one', 'struggl', 'republican', 'presidenti', 'hope', 'democrat']"
"['grow', 'seri', 'alarm', 'blare', 'feder', 'courtroom', 'le']","['day', 'ago', 'grow', 'seri', 'alarm', 'blare', 'feder', 'courtroom', 'le', 'year', 'presidenti', 'elect', 'scott', 'macfarlan']"
"['mom', 'liberti', 'emerg', 'forc', 'u', 'presidenti']","['jun', 'mom', 'liberti', 'emerg', 'forc', 'u', 'presidenti', 'elect', 'presidenti', 'elect', 'advertis', 'scroll', 'continu']"
"['elect', 'latest', 'new', 'presidenti', 'senat', 'hous']","['latest', 'break', 'news', 'analysi', 'polit', 'includ', 'coverag', 'white', 'hous', 'elect', 'nation', 'secur', 'suprem', 'court']"
"['biden', 'maintain', 'edg', 'trump', 'u', 'elect']","['may', 'among', 'regist', 'voter', 'biden', 'led', 'trump', 'predecessor', 'presid', 'six', 'percentag', 'point', 'hypothet', 'hold']"
"['u', 'western', 'offici', 'fear', 'putin', 'unlik', 'chang', 'cours']","['aug', 'top', 'u', 'european', 'offici', 'concern', 'russian', 'presid', 'vladimir', 'putin', 'factor', 'u', 'presidenti', 'elect']"
"['abort', 'right', 'center', 'stage', 'democrat', 'u', 'elect']","['sep', 'abort', 'right', 'help', 'democrat', 'stave', 'hefti', 'defeat', 'midterm', 'elect', 'last', 'year', 'parti', 'aim', 'put', 'issu', 'center']"
"['biden', 'team', 'say', 'elect', 'night', 'win', 'show', 'path', 'victori']","['nov', 'voter', 'turn', 'tuesday', 'state', 'local', 'elect', 'vote', 'presidenti', 'elect', 'novemb', 'could']"
"['bid', 'could', 'draw', 'vote', 'major', 'parti']","['day', 'ago', 'presidenti', 'elect', 'come', 'minnesota', 'sooner', 'might', 'think', 'earli', 'vote', 'minnesota', 'march', 'primari', 'begin', 'jan']"
"['next', 'presidenti', 'elect', 'vote']","['feb', 'presidenti', 'elect', 'held', 'unit', 'state', 'everi', 'four', 'year', 'law', 'dictat', 'feder', 'elect', 'held']"
"['opinion', 'abort', 'could', 'defin', 'presidenti', 'race']","['nov', 'second', 'trump', 'term', 'possibl', 'hang', 'balanc', 'next', 'novemb', 'elect', 'lesson', 'democrat', 'must', 'seiz', 'abort', 'right']"
"['deepfak', 'america', 'elect', 'collid', 'ai', 'boom', 'reuter']","['may', 'clinton', 'biden', 'deepfak', 'realist', 'yet', 'fabric', 'video', 'creat', 'ai', 'algorithm', 'train', 'copiou', 'onlin', 'footag', 'among']"
"['u', 'elect', 'economist']","['lexington', 'joe', 'biden', 'admit', 'republican', 'partli', 'right', 'border', 'secur', 'donald', 'trump', 'debat', 'skip', 'polit']"
"['poll', 'overwhelm', 'major', 'express', 'concern', 'biden', 'trump']","['sep', 'biden', 'tie', 'trump', 'trail', 'haley', 'point', 'look', 'ahead', 'gener', 'elect', 'nbc', 'new', 'poll', 'show', 'biden', 'trump']"
"['u', 'presidenti', 'race', 'key', 'date', 'reuter']","['sep', 'republican', 'iowa', 'hold', 'nomin', 'contest', 'known', 'caucus', 'first', 'elect', 'cycl', 'caucus', 'privat']"
"['trump', 'win', 'voter', 'forese', 'better', 'financ', 'stay', 'war']","['nov', 'biden', 'trail', 'trump', 'potenti', 'rematch', 'poll', 'year', 'presidenti', 'elect']"
"['u', 'elect', 'loom', 'investor', 'fear', 'fiscal', 'peac', 'reuter']","['oct', 'thirteen', 'month', 'often', 'distant', 'horizon', 'financi', 'market', 'focu', 'uncertainti', 'surround', 'presidenti']"
"['presidenti', 'candid', 'stand', 'elect']","['oct', 'donald', 'trump', 'trump', 'seek', 'reelect', 'republican', 'spent', 'much', 'campaign', 'far', 'repeat', 'baseless', 'claim', 'fraud']"
"['elect', 'new', 'video', 'abc', 'new']","['top', 'republican', 'presidenti', 'candid', 'face', 'third', 'republican', 'presidenti', 'debat', 'take', 'place', 'wednesday']"
"['takeaway', 'third', 'republican', 'presidenti', 'debat']","['nov', 'desanti', 'long', 'contrast', 'success', 'last', 'year', 'florida', 'republican', 'setback', 'last', 'elect', 'includ']"
"['could', 'run', 'presidenti', 'elect', 'reuter']","['nov', 'vice', 'presid', 'kamala', 'harri', 'biden', 'decid', 'run', 'vice', 'presid', 'kamala', 'harri', 'could', 'step', 'harri', 'current', 'top']"
"['elect', 'ca', 'tell', 'u', 'abc']","['nov', 'elect', 'tell', 'u', 'anyth', 'presidenti', 'elect', 'beshear', 'victori', 'observ', 'note', 'fact', 'sinc']"
"['rfk', 'could', 'chang', 'outcom', 'elect', 'cnn']","['nov', 'chanc', 'joe', 'biden', 'donald', 'trump', 'elect', 'year', 'would', 'foolish', 'dismiss', 'poll', 'tell', 'u']"
"['violenc', 'among', 'secur', 'threat', 'face', 'u']","['sep', 'depart', 'homeland', 'secur', 'releas', 'threat', 'ass', 'thursday', 'outlin', 'current', 'futur', 'threat', 'u', 'face']"
"['u', 'presidenti', 'elect', 'still']","['may', 'florida', 'governor', 'ron', 'desanti', 'announc', 'wednesday', 'seek', 'republican', 'presidenti', 'nomin', 'join', 'former', 'presid']"
"['independ', 'candid', 'could', 'threaten']","['oct', 'polit', 'joe', 'biden', 'elect', 'congress', 'sport', 'ap', 'top', 'associ', 'effort', 'make', 'apolog']"
"['venezuela', 'opposit', 'sign', 'elect', 'deal', 'u', 'weigh', 'sanction', 'relief']","['oct', 'venezuela', 'govern', 'polit', 'opposit', 'agre', 'elector', 'guarante', 'presidenti', 'elect', 'pave', 'way']"
"['tim', 'scott', 'drop', 'presidenti', 'race']","['nov', 'elect', 'tim', 'scott', 'drop', 'presidenti', 'race', 'south', 'carolina', 'senat', 'surpris', 'exit', 'stun', 'campaign', 'staff']"
"['elect', 'mean', 'trump', 'gop', 'field', 'shrink', 'ap']","['nov', 'republican', 'parti', 'presidenti', 'primari', 'field', 'suddenli', 'shrunk', 'hand', 'viabl', 'candid']"
"['retir', 'gener', 'warn', 'militari', 'could', 'back', 'coup']","['elect', 'nation', 'retir', 'gener', 'warn', 'militari', 'could', 'back', 'coup', 'elect', 'decemb', 'et', 'heard', 'thing']"
"['list', 'republican', 'presidenti', 'candid', 'npr']","['mar', 'riot', 'capitol', 'continu', 'lie', 'presidenti', 'elect', 'major', 'consist', 'disapprov']"
"['trade', 'deal', 'unlik', 'uncertain', 'u', 'elect', 'year']","['nov', 'biden', 'administr', 'vow', 'continu', 'negoti', 'ambiti', 'asia', 'trade', 'deal', 'pressur', 'resist', 'tough']"
"['look', 'ahead', 'pennsylvania', 'impact', 'presidenti', 'elect']","['nov', 'take', 'away', 'tuesday', 'night', 'countdown', 'begin', 'presidenti', 'elect', 'next', 'year']"
"['wisconsin', 'suprem', 'court', 'race', 'could', 'decid']","['mar', 'presidenti', 'elect', 'wikler', 'said', 'interview', 'tuesday', 'presidenti', 'elect', 'court', 'play', 'pivot', 'role']"
"['grow', 'latino', 'vote', 'could', 'factor', 'elect', 'abc']","['oct', 'million', 'hispan', 'american', 'elig', 'vote', 'elect', 'make', 'latino', 'racial', 'ethnic', 'group']"
"['candid', 'take', 'ai', 'elect', 'pledg', 'might', 'break', 'u']","['oct', 'ahead', 'elect', 'im', 'write', 'urg', 'elect', 'offici', 'candid', 'support', 'pledg', 'use', 'ai', 'deceiv']"
"['elect', 'offici', 'say', 'democraci', 'still', 'risk']","['feb', 'midterm', 'went', 'much', 'smoothli', 'mani', 'expect', 'dress', 'rehears', 'come', 'presidenti', 'elect', 'said', 'one']"
"['presidenti', 'elect', 'new', 'poll', 'event', 'nbc', 'new']","['democrat', 'look', 'take', 'momentum', 'virginia', 'win', 'statehous', 'fight', 'democrat', 'win', 'virginia', 'parti', 'chart', 'path', 'forward']"
"['presidenti', 'elect', 'look', 'rematch', 'cb', 'minnesota']","['nov', 'day', 'presidenti', 'elect', 'shape', 'race', 'presid', 'joe', 'biden']"
"['u', 'propos', 'januari', 'start', 'trump', 'elect', 'trial', 'reuter']","['aug', 'date', 'would', 'trial', 'get', 'way', 'two', 'week', 'first', 'vote', 'cast', 'republican', 'presidenti', 'primari']"
"['republican', 'could', 'run', 'presid', 'reuter']","['nov', 'publicli', 'critic', 'presidenti', 'campaign', 'riot', 'say', 'action', 'elect']"
"['indonesian', 'presidenti', 'candid', 'regist', 'next', 'year', 'elect']","['oct', 'deadlin', 'candid', 'regist', 'legisl', 'presidenti', 'elect', 'next', 'wednesday', 'opinion', 'poll']"
"['u', 'presidenti', 'elect', 'still']","['may', 'florida', 'governor', 'ron', 'desanti', 'announc', 'wednesday', 'seek', 'republican', 'presidenti', 'nomin', 'join', 'former', 'presid']"
"['indonesia', 'lead', 'presidenti', 'hope', 'pick', 'widodo', 'son', 'run']","['oct', 'final', 'discus', 'consensu', 'u', 'agre', 'nomin', 'prabowo', 'subianto', 'gibran', 'rakabum', 'raka', 'run']"
"['ai', 'present', 'polit', 'peril', 'threat', 'mislead', 'voter', 'ap']","['may', 'implic', 'campaign', 'elect', 'larg', 'troubl', 'gener', 'ai', 'rapidli', 'produc', 'target']"
"['counter', 'fals', 'elect', 'claim', 'may', 'harder', 'npr']","['nov', 'effort', 'russia', 'use', 'social', 'medium', 'meddl', 'presidenti', 'elect', 'call', 'tech', 'compani']"
"['elect', 'poll', 'polit', 'analysi', 'abc', 'new']","['latest', 'updat', 'republican', 'presidenti', 'primari', 'track', 'poll', 'endors', 'one', 'place', 'septemb']"
"['run', 'presid', 'list', 'ap', 'new']","['oct', 'ron', 'desanti', 'florida', 'governor', 'offici', 'launch', 'presidenti', 'campaign', 'may', 'twitter', 'announc', 'cast']"
"['jill', 'stein', 'announc', 'presidenti', 'bid', 'green', 'parti', 'candid']","['nov', 'without', 'freedom', 'choic', 'elect', 'democraci', 'jill', 'stein', 'file', 'jill', 'stein', 'speak', 'outsid', 'depart', 'justic']"
"['trump', 'launch', 'presidenti', 'run', 'get', 'jump', 'rival']","['nov', 'donald', 'trump', 'mount', 'relentless', 'attack', 'integr', 'vote', 'sinc', 'elect', 'defeat', 'tuesday', 'launch', 'bid']"
"['elect', 'one', 'year', 'finish', 'line', 'cb', 'new']","['nov', 'today', 'novemb', 'mark', 'exactli', 'one', 'year', 'elect', 'day', 'sunday', 'morn', 'invit', 'longtim', 'journalist', 'jame', 'fallow']"
"['run', 'presid', 'drop', 'abc']","['republican', 'lost', 'popular', 'vote', 'seven', 'last', 'eight', 'presidenti', 'elect', 'time', 'new', 'gener', 'leadership', 'said', 'haley']"
"['minnesota', 'congressman', 'dean', 'phillip', 'announc', 'run']","['oct', 'minnesota', 'congressman', 'dean', 'phillip', 'announc', 'run', 'presidenti', 'elect', 'minneapoli', 'report', 'say', 'minnesota', 'congressman', 'dean']"
"['head', 'u', 'cybersecur', 'agenc', 'see', 'progress', 'elect', 'secur']","['jul', 'head', 'u', 'cybersecur', 'agenc', 'see', 'progress', 'elect', 'secur', 'work', 'need', 'elect', 'creat', 'fals']"
"['u', 'senat', 'democrat', 'push', 'america', 'bill', 'ahead', 'tough']","['jul', 'face', 'uphil', 'battl', 'vulner', 'senat', 'democrat', 'push', 'legisl', 'promot', 'buy', 'america', 'polici']"
"['presidenti', 'debat', 'commiss', 'announc', 'date']","['nov', 'bipartisan', 'commiss', 'sponsor', 'everi', 'gener', 'elect', 'presidenti', 'debat', 'sinc', 'found', 'host', 'three', 'next', 'year']"
"['elect', 'day', 'approach', 'rivalri', 'seep']","['oct', 'neither', 'formal', 'announc', 'presidenti', 'campaign', 'taken', 'step', 'close', 'day', 'cycl', 'cement']"
"['elect', 'fight', 'america', 'way', 'life', 'wsj']","['jul', 'anim', 'forc', 'republican', 'presidenti', 'primari', 'mani', 'voter', 'polici', 'leader', 'say', 'feel', 'american', 'societyth']"
"['secur', 'expert', 'warn', 'foreign', 'cyber', 'threat', 'vote', 'ap', 'new']","['feb', 'particular', 'concern', 'decentr', 'natur', 'america', 'elect', 'system', 'local', 'vote', 'jurisdict', 'throughout']"
"['fed', 'decis', 'could', 'alter', 'elect', 'new']","['nov', 'presidenti', 'elect', 'control', 'congress', 'remark', 'extent', 'economi', 'matter', 'voter', 'much', 'one']"
"['democrat', 'u', 'senat', 'joe', 'manchin', 'seek']","['nov', 'democrat', 'senat', 'joe', 'manchin', 'maverick', 'often', 'buck', 'parti', 'leadership', 'past', 'two', 'year', 'said', 'thursday']"
"['ukrain', 'aid', 'face', 'stress', 'test', 'gop', 'presidenti']","['aug', 'major', 'elect', 'republican', 'committe', 'chair', 'peopl', 'power', 'congress', 'still', 'solid', 'fri', 'said']"
"['biden', 'trail', 'trump', 'u', 'elect', 'key', 'state', 'poll', 'show']","['nov', 'biden', 'campaign', 'react', 'final', 'presidenti', 'campaign', 'debat', 'nashvil', 'democrat', 'presidenti', 'candid', 'former', 'vice', 'presid', 'joe']"
"['elect', 'stand', 'one', 'year', 'abc', 'new']","['nov', 'averag', 'presidenti', 'gener', 'elect', 'poll', 'sinc', 'base', 'rough', 'model', 'presidenti', 'elect', 'predict', 'futur']"
"['elect', 'poll', 'polit', 'analysi', 'abc', 'new']","['latest', 'updat', 'republican', 'presidenti', 'primari', 'track', 'poll', 'endors', 'one', 'place', 'septemb']"
"['biden', 'team', 'say', 'elect', 'night', 'win', 'show', 'path', 'victori']","['nov', 'presidenti', 'elect', 'novemb', 'could', 'vastli', 'differ', 'exit', 'poll', 'suggest', 'predict', 'red', 'wave', 'republican']"
"['takeaway', 'new', 'poll', 'reveal', 'biden', 'challeng']","['nov', 'elect', 'trigger', 'anoth', 'round', 'agon', 'among', 'presidenti', 'elect', 'versu', 'democrat', 'voter']"
"['donald', 'trump', 'look', 'terrifyingli', 'elect']","['nov', 'american', 'presidenti', 'contest', 'usual', 'close', 'poll', 'tighten', 'month', 'lead', 'elect', 'eschew', 'predict']"
"['clallam', 'counti', 'vote', 'everi', 'presidenti']","['nov', 'voter', 'one', 'part', 'washington', 'state', 'pick', 'winner', 'everi', 'presidenti', 'elect', 'reagan', 'biden', 'think']"
"['bet', 'presidenti', 'elect', 'begun', 'new', 'york']","['nov', 'presidenti', 'elect', 'host', 'consequenti', 'matter', 'market', 'versu', 'poll', 'ive', 'use', 'predict', 'market', 'year']"
"['biden', 'keep', 'poll', 'poorli', 'democrat', 'keep', 'win']","['nov', 'presidenti', 'elect', 'also', 'still', 'year', 'away', 'lot', 'chang', 'result', 'dont', 'mean', 'entir', 'wood']"
"['trump', 'maintain', 'domin', 'lead', 'among', 'republican']","['nov', 'poll', 'race', 'half', 'consid', 'trump', 'least', 'one', 'candid', 'cb', 'new', 'poll']"
"['poll', 'overwhelm', 'major', 'express', 'concern', 'biden', 'trump']","['sep', 'look', 'ahead', 'gener', 'elect', 'nbc', 'new', 'poll', 'show', 'biden', 'trump', 'tie', 'hypothet', 'contest', 'among', 'regist', 'voter']"
"['trump', 'lead', 'biden', 'key', 'swing', 'state', 'new', 'poll', 'find', 'cnn']","['nov', 'trump', 'also', 'top', 'biden', 'georgia', 'state', 'central', 'ploy', 'overturn', 'last', 'presidenti', 'elect', 'biden']"
"['elect', 'new', 'poll', 'result', 'cnn', 'polit']","['day', 'ago', 'elect', 'guid', 'presidenti', 'candid', 'poll', 'primari', 'caucus', 'voter', 'inform', 'result', 'novemb']"
"['biden', 'tout', 'elector', 'win', 'shrug', 'bad', 'poll', 'take', 'trump']","['nov', 'elect', 'despit', 'predict', 'except', 'democrat', 'photo', 'former', 'presid', 'donald', 'trump', 'arriv', 'deliv', 'remark']"
"['taiwan', 'elect', 'parti', 'vy', 'replac', 'tsai']","['day', 'ago', 'poll', 'elect', 'new', 'presid', 'democrat', 'progress', 'parti', 'taiwan', 'presidenti', 'candid', 'lai', 'left', 'run', 'mate', 'hsiao', 'bi']"
"['american', 'say', 'support', 'polit', 'violenc', 'ahead']","['oct', 'american', 'democraci', 'risk', 'presidenti', 'elect', 'npr', 'editor', 'pick', 'middl', 'east', 'isra', 'hostag', 'come', 'home']"
"['watch', 'trump', 'edg', 'biden', 'anoth', 'presidenti', 'elect', 'poll']","['nov', 'cnn', 'survey', 'indic', 'former', 'presid', 'donald', 'trump', 'top', 'biden', 'among', 'regist', 'voter', 'hypothet', 'gener', 'elect']"
"['one', 'year', 'presidenti', 'elect', 'poll', 'say']","['nov', 'also', 'exactli', 'one', 'year', 'elect', 'new', 'new', 'york', 'time', 'sienna', 'poll', 'found', 'former', 'presid', 'donald', 'trump', 'run', 'ahead']"
"['midterm', 'elect', 'result', 'boost', 'biden', 'hope', 'strategist', 'say']","['nov', 'encourag', 'midterm', 'result', 'democrat', 'strategist', 'wednesday', 'predict', 'presid', 'joe', 'biden', 'would', 'run']"
"['biden', 'team', 'shrug', 'poll', 'target', 'key', 'voter', 'ahead', 'run']","['feb', 'polit', 'poll', 'predict', 'red', 'wave', 'republican', 'midterm', 'wrong', 'instead', 'biden', 'team', 'studi', 'poll']"
"['chanc', 'trump', 'win', 'anoth', 'term', 'real', 'cnn', 'polit']","['jul', 'poll', 'today', 'two', 'tandem', 'would', 'dislik', 'presidenti', 'nomine', 'poll', 'histori', 'number', 'hold']"
"['democrat', 'well', 'tuesday', 'tell', 'u']","['nov', 'america', 'elect', 'politicsbiden', 'administr', 'poll', 'democraci', 'america', 'elect', 'one', 'safest', 'predict', 'one']"
"['new', 'iowa', 'poll', 'show', 'top', 'pick', 'among', 'gop', 'presidenti']","['oct', 'iowa', 'caucus', 'le', 'three', 'month', 'away', 'new', 'de', 'moin', 'registernbc', 'newsmediacom', 'iowa', 'poll', 'elect', 'cycl', 'reveal']"
"['presidenti', 'elect', 'candid', 'new']","['nov', 'trump', 'far', 'ahead', 'challeng', 'poll', 'partli', 'fractur', 'field', 'made', 'hard', 'voter', 'coalesc', 'around']"
"['trump', 'crush', 'desanti', 'gop', 'rival', 'poll', 'find']","['jul', 'republican', 'prefer', 'presidenti', 'nomine', 'elect', 'republican', 'presidenti', 'nomine', 'held', 'today']"
"['new', 'iowa', 'poll', 'show', 'top', 'pick', 'among', 'gop', 'presidenti']","['aug', 'presidenti', 'candid', 'flock', 'campaign', 'iowa', 'first', 'de', 'moin', 'registernbc', 'newsmediacom', 'iowa', 'poll', 'elect', 'cycl']"
"['trump', 'elector', 'colleg', 'edg', 'seem', 'fade', 'new']","['sep', 'presidenti', 'elect', 'run', 'issu', 'tracker', 'trump', 'plan', 'timessiena', 'poll', 'listen', 'advertis']"
"['senat', 'seat', 'like', 'flip', 'cnn', 'polit']","['apr', 'gop', 'presidenti', 'field', 'slowli', 'grow', 'trump', 'still', 'domin', 'primari', 'poll', 'joe', 'manchin', 'senat', 'race', 'kevin', 'dietsch']"
"['midterm', 'elect', 'see', 'key', 'runoff', 'race', 'senat']","['nov', 'ask', 'whether', 'democrat', 'perform', 'poll', 'tuesday', 'influenc', 'plan', 'biden', 'said', 'intent', 'run', 'that']"
"['indict', 'could', 'propel', 'trump', 'closer', 'republican']","['aug', 'presidenti', 'elect', 'acquir', 'licens', 'like', 'jackson', 'ipso', 'rothenberg', 'predict', 'close', 'gener', 'elect', 'novemb']"
"['biden', 'trump', 'tie', 'poll', 'democrat', 'mix']","['sep', 'rematch', 'spark', 'mix', 'feel', 'among', 'democrat', 'month', 'elect', 'day', 'presidenti', 'elect', 'trump', 'nomine', 'look']"
"['earli', 'biden', 'trump', 'poll', 'signal', 'competit', 'elect']","['mar', 'earli', 'poll', 'signal', 'presidenti', 'race', 'shape', 'anoth', 'close', 'contest']"
"['two', 'battleground', 'poll', 'paint', 'differ', 'pictur', 'elect']","['jun', 'pair', 'poll', 'two', 'key', 'battleground', 'state', 'paint', 'differ', 'pictur', 'rematch', 'gop', 'presidenti', 'race']"
"['penc', 'campaign', 'predict', 'qualifi', 'debat', 'stage', 'next', 'week']","['aug', 'elect', 'penc', 'campaign', 'predict', 'hell', 'qualifi', 'debat', 'stage', 'next', 'week', 'former', 'vice', 'presid', 'hit', 'poll', 'threshold']"
"['cnn', 'poll', 'biden', 'lead', 'democrat', 'primari', 'challeng']","['may', 'poll', 'suggest', 'biden', 'would', 'like', 'win', 'support', 'vast', 'major', 'voter', 'u', 'crime', 'justic']"
"['trump', 'top', 'gop', 'presidenti', 'candid', 'rank']","['nov', 'nbc', 'new', 'poll', 'octob', 'found', 'percent', 'republican', 'identifi', 'trump', 'support', 'support', 'parti']"
"['inflat', 'hurt', 'modi', 'still', 'like', 'win', 'india', 'poll', 'survey']","['aug', 'nation', 'elect', 'due', 'may', 'though', 'sever', 'state', 'poll', 'expect', 'held', 'promis', 'chang', 'modi', 'swept', 'power']"
"['senat', 'seat', 'like', 'flip', 'cnn', 'polit']","['jul', 'presidenti', 'contest', 'cycl', 'senat', 'race', 'dont', 'get', 'kind', 'attent', 'there', 'still', 'year', 'go', 'elect', 'day']"
"['midterm', 'elect', 'latest', 'elect', 'new', 'ap', 'new']","['polit', 'joe', 'biden', 'elect', 'congress', 'sport', 'ap', 'top', 'colleg', 'footbal', 'poll', 'pick', 'show', 'midwest', 'polit', 'influenc', 'democrat']"
"['trump', 'elect', 'look', 'like', 'run']","['jul', 'washington', 'donald', 'trump', 'campaign', 'republican', 'presidenti', 'nomin', 'elect', 'poll', 'trump']"
"['midterm', 'elect', 'latest', 'elect', 'new', 'ap', 'new']","['polit', 'joe', 'biden', 'elect', 'congress', 'sport', 'ap', 'top', 'colleg', 'footbal', 'poll', 'pick', 'show', 'midwest', 'polit', 'influenc', 'democrat']"
"['trump', 'elect', 'look', 'like', 'run']","['jul', 'washington', 'donald', 'trump', 'campaign', 'republican', 'presidenti', 'nomin', 'elect', 'poll', 'trump']"
"['cnn', 'poll', 'trump', 'lead', 'gop', 'primari', 'field', 'mani', 'voter']","['may', 'ron', 'desanti', 'also', 'set', 'announc', 'bid', 'republican', 'presidenti', 'nomin', 'wednesday', 'night', 'convers', 'twitter', 'owner']"
"['biden', 'trail', 'behind', 'trump', 'desanti', 'new', 'elect', 'poll']","['may', 'hypothet', 'gener', 'elect', 'matchup', 'biden', 'fall', 'behind', 'trump', 'respond', 'say', 'would', 'either']"
"['democrat', 'express', 'deep', 'anxieti', 'poll', 'show', 'biden', 'trail']","['nov', 'presid', 'biden', 'team', 'emphas', 'poll', 'fail', 'predict', 'result', 'elect', 'taken', 'year', 'ahead', 'time']"
"['top', 'republican', 'presidenti', 'candid', 'rank']","['aug', 'polit', 'impact', 'search', 'wont', 'measur', 'poll', 'conduct', 'past', 'coupl', 'week', 'long', 'game']"
"['label', 'elect', 'chair']","['jul', 'washington', 'juli', 'reuter', 'label', 'group', 'stay', 'presidenti', 'race', 'poll', 'show']"
"['mexico', 'sheinbaum', 'handili', 'lead', 'presidenti', 'race', 'poll']","['oct', 'mexico', 'claudia', 'sheinbaum', 'presidenti', 'candid', 'countri', 'rule', 'leftist', 'parti', 'close', 'alli', 'current', 'presid']"
"['elect', 'joe', 'biden', 'may', 'pennsylvania', 'problem', 'cb']","['oct', 'month', 'presidenti', 'race', 'new', 'poll', 'show', 'presid', 'may', 'pennsylvania', 'problem']"
"['better', 'poll', 'question', 'predict', 'elect', 'new', 'york', 'time']","['nov', 'elect', 'parti', 'major', 'upper', 'american', 'nation', 'elect', 'studi', 'question', 'vote', 'intent']"
"['poll', 'show', 'race', 'joe', 'biden', 'donald', 'trump']","['oct', 'two', 'poll', 'predict', 'jump', 'ball', 'pennsylvania', 'elector', 'sign', 'point', 'presidenti', 'rematch', 'democrat', 'joe', 'biden', 'versu']"
"['model', 'use', 'poll', 'predict', 'result']","['jun', 'model', 'citizenshow', 'use', 'poll', 'predict', 'result', 'u', 'presidenti', 'elect', 'elect', 'defin', 'nation']"
"['poll', 'find', 'lag', 'democrat', 'enthusiasm', 'elect']","['sep', 'first', 'read', 'brief', 'nbc', 'new', 'polit', 'unit', 'day', 'import', 'polit', 'stori', 'matter', 'resid', 'cast']"
"['senat', 'seat', 'like', 'flip', 'cnn', 'polit']","['feb', 'beyond', 'democrat', 'defend', 'senat', 'seat', 'hand', 'pivot', 'presidenti', 'battleground', 'arizona', 'michigan', 'nevada', 'pennsylvania']"
"['indonesia', 'lead', 'presidenti', 'hope', 'pick', 'widodo', 'son', 'run']","['oct', 'polit', 'joe', 'biden', 'elect', 'congress', 'sport', 'ap', 'top', 'colleg', 'footbal', 'poll', 'pick', 'widodo', 'son', 'run', 'vp']"
"['analysi', 'rfk', 'poll', 'high', 'independ', 'may']","['oct', 'robert', 'kennedi', 'expect', 'announc', 'monday', 'drop', 'democrat', 'presidenti', 'primari', 'run']"
"['better', 'poll', 'question', 'predict', 'elect', 'new', 'york', 'time']","['nov', 'decis', 'could', 'nation', 'implic', 'head', 'elect', 'american', 'nation', 'elect', 'studi', 'question', 'vote']"
"['biden', 'democrat', 'say', 'thank', 'poll', 'ap']","['feb', 'adult', 'overal', 'say', 'run', 'said', 'last', 'year', 'midterm', 'elect', 'declin', 'among']"
"['milei', 'lead', 'poll', 'argentina', 'elect', 'primari', 'shock', 'reuter']","['sep', 'polit', 'analyst', 'julio', 'burdman', 'consult', 'observatorio', 'elector', 'presidenti', 'race', 'pm', 'pst', 'governor', 'nuevo', 'leon', 'samuel']"
"['poll', 'donald', 'trump', 'republican', 'support', 'independ', 'voter']","['mar', 'presidenti', 'elect', 'lost', 'also', 'come', 'trump', 'held', 'first', 'presidenti', 'campaign', 'ralli', 'saturday', 'waco', 'texa']"
"['poll', 'donald', 'trump', 'republican', 'support', 'independ', 'voter']","['mar', 'presidenti', 'elect', 'lost', 'also', 'come', 'trump', 'held', 'first', 'presidenti', 'campaign', 'ralli', 'saturday', 'waco', 'texa']"
"['need', 'stop', 'predict', 'cnn', 'polit']","['nov', 'le', 'three', 'year', 'away', 'presidenti', 'elect', 'hasnt', 'stop', 'poll', 'potenti', 'matchup', 'presid', 'joe']"
"['robert', 'kennedi', 'spoil', 'elect', 'biden', 'trump']","['oct', 'first', 'glanc', 'kennedi', 'look', 'like', 'could', 'big', 'factor', 'presidenti', 'race', 'five', 'nation', 'poll', 'test']"
"['loser', 'chri', 'christi', 'predict', 'voter', 'ignor', 'donald']","['day', 'ago', 'trump', 'domin', 'frontrunn', 'gop', 'presidenti', 'primari', 'race', 'poll', 'far', 'rival', 'includ', 'christi']"
"['mexico', 'sheinbaum', 'lead', 'presidenti', 'race', 'poll', 'show']","['sep', 'presidenti', 'candid', 'mexico', 'leftist', 'rule', 'parti', 'claudia', 'sheinbaum', 'close', 'alli', 'current', 'presid', 'favorit', 'win']"
"['elect', 'project', 'explain', 'cnn', 'polit']","['oct', 'presidenti', 'elect', 'cnn', 'right', 'sam', 'feist', 'cnn', 'washington', 'elect', 'call', 'western', 'state', 'close', 'poll']"
"['fed', 'leav', 'rate', 'unchang', 'cut', 'unlik']","['sep', 'reuter', 'poll', 'predict', 'central', 'bank', 'would', 'hold', 'said', 'andrew', 'hollenhorst', 'chief', 'economist', 'citi', 'seriou']"
"['top', 'ten', 'democrat', 'like', 'becom', 'presidenti']","['oct', 'top', 'democrat', 'presidenti', 'candid', 'rank', 'alexandria', 'roy', 'cooper', 'elizabeth', 'warren', 'berni']"
"['biden', 'unpopular', 'could', 'give', 'trump', 'shot', 'reclaim', 'power']","['sep', 'cnn', 'latest', 'poll', 'mani', 'say', 'theyd', 'prefer', 'anoth', 'presidenti', 'nomine', 'although', 'anyon', 'el', 'specif', 'mind', 'democrat']"
"['u', 'elect', 'coverag']","['nov', 'find', 'elect', 'result', 'u', 'midterm', 'elect', 'follow', 'cnn', 'live', 'coverag', 'result', 'key', 'senat', 'hous', 'state', 'race']"
"['year', 'elect', 'eye', 'turn', 'youth', 'voter', 'turnout']","['nov', 'editor', 'pick', 'taylor', 'swift', 'told', 'fan', 'regist', 'vote', 'vote', 'polici', 'especi', 'come', 'topic', 'like', 'climat', 'chang']"
"['biden', 'maintain', 'edg', 'trump', 'u', 'elect']","['may', 'presidenti', 'elect', 'draw', 'closer', 'accord', 'latest', 'reutersipso', 'poll', 'potenti', 'hazard', 'ahead', 'biden']"
"['turkey', 'face', 'runoff', 'elect', 'erdogan', 'lead', 'reuter']","['may', 'presidenti', 'vote', 'decid', 'lead', 'turkey', 'also', 'erdogan', 'perform', 'better', 'poll', 'predict']"
"['trump', 'win', 'voter', 'forese', 'better', 'financ', 'stay', 'war']","['nov', 'biden', 'trail', 'trump', 'potenti', 'rematch', 'poll', 'year', 'presidenti', 'elect']"
"['professor', 'call', 'trump', 'big', 'win', 'also', 'made', 'anoth']","['nov', 'elect', 'politicsbiden', 'administr', 'poll', 'democraci', 'america', 'elect', 'fix', 'predict', 'elect', 'result', 'ahead']"
"['top', 'republican', 'presidenti', 'candid', 'rank']","['jul', 'florida', 'gov', 'ron', 'desantiss', 'declin', 'poll', 'nation', 'evid', 'new', 'fox', 'busi', 'survey', 'iowa', 'south']"
"['elect', 'new', 'top', 'headlin', 'latest', 'poll', 'analysi']","['presidenti', 'elect', 'reverber', 'economi', 'climat', 'polici', 'social', 'issu', 'geopolit', 'follow', 'stori', 'result', 'data']"
"['democrat', 'win', 'big', 'special', 'elect', 'abc', 'new']","['sep', 'pollster', 'lot', 'poll', 'dont', 'undu', 'influenc', 'averag', 'relat', 'topic', 'democrat', 'parti']"
"['democrat', 'overperform', 'special', 'elect']","['aug', 'primari', 'help', 'explain', 'special', 'elect', 'result', 'could', 'probabl', 'make', 'connect', 'littl', 'bit', 'presidenti', 'race']"
"['opinion', 'henri', 'olsen', 'republican', 'underperform', 'midterm']","['nov', 'america', 'electionselect', 'midterm', 'senat', 'hous', 'governor', 'result', 'state', 'democraci', 'america', 'true', 'exit', 'poll']"
"['democrat', 'overperform', 'special', 'elect']","['aug', 'primari', 'help', 'explain', 'special', 'elect', 'result', 'could', 'probabl', 'make', 'connect', 'littl', 'bit', 'presidenti', 'race']"
"['opinion', 'henri', 'olsen', 'republican', 'underperform', 'midterm']","['nov', 'america', 'electionselect', 'midterm', 'senat', 'hous', 'governor', 'result', 'state', 'democraci', 'america', 'true', 'exit', 'poll']"
"['new', 'poll', 'still', 'want', 'trump', 'even', 'crimin']","['may', 'vote', 'biden', 'gener', 'elect', 'there', 'nobodi', 'left', 'comment', 'reflect', 'larger', 'result', 'poll', 'american']"
"['rank', 'republican', 'presidenti', 'candid']","['sep', 'politicsbiden', 'administr', 'poll', 'democraci', 'america', 'elect', 'top', 'republican', 'presidenti', 'candid', 'rank']"
"['opinion', 'poll', 'ruin', 'polit', 'stop', 'pay', 'attent']","['sep', 'presidenti', 'elect', 'accur', 'democrat', 'consult', 'simon', 'rosenberg', 'opinion', 'elect', 'carousel', 'opinion']"
"['elect', 'day', 'vote', 'project', 'got', 'rocki', 'start', 'slate']","['nov', 'fear', 'effort', 'predict', 'presidenti', 'elect', 'winner', 'key', 'battleground', 'could', 'suppress', 'turnout', 'state', 'might']"
"['abort', 'right', 'ballot', 'ohio', 'elect', 'day', 'abc', 'new']","['nov', 'turnout', 'hard', 'predict', 'elect', 'even', 'poll', 'gener', 'elect', 'vote', 'ohio', 'next', 'week', 'may', 'tea', 'leaf']"
"['poland', 'opposit', 'path', 'oust', 'populist', 'rule', 'parti', 'exit', 'poll']","['oct', 'poll', 'bitter', 'nation', 'elect', 'predict', 'countri', 'opposit', 'clearest', 'path', 'form', 'next', 'govern']"
"['live', 'updat', 'elect', 'news', 'democrat', 'win', 'key', 'race', 'ohio']","['nov', 'ohio', 'special', 'elect', 'predict', 'futur', 'abort', 'elect', 'signal', 'what', 'come', 'presidenti', 'elect']"
"['professor', 'predict', 'everi', 'presidenti', 'elect', 'sinc']","['may', 'elect', 'politicsbiden', 'administr', 'poll', 'democraci', 'america', 'elect', 'fix', 'predict', 'outcom']"
"['year', 'elect', 'biden', 'strategi', 'memo', 'say', 'reviv']","['nov', 'memo', 'argu', 'next', 'year', 'race', 'clear', 'choic', 'american', 'peopl', 'predict', 'voter', 'reject', 'maga', 'extrem']"
"['u', 'presidenti', 'elect', 'date', 'candid', 'latest', 'issu']","['sep', 'trump', 'republican', 'nomine', 'much', 'biden', 'campaign', 'like', 'focu', 'warn', 'voter', 'trump', 'pose', 'mortal', 'threat']"
"['trump', 'campaign', 'blend', 'new', 'polici', 'old', 'grievanc']","['mar', 'former', 'presid', 'donald', 'trump', 'fire', 'fusillad', 'polici', 'propos', 'gop', 'presidenti', 'primari', 'effort', 'rival']"
"['trump', 'plan', 'return', 'white', 'hous', 'ap']","['nov', 'tariff', 'import', 'good', 'freedom', 'citi', 'built', 'feder', 'land', 'much', 'presidenti', 'campaign', 'domin']"
"['abort', 'right', 'center', 'stage', 'democrat', 'u', 'elect', 'campaign']","['sep', 'abort', 'right', 'help', 'democrat', 'stave', 'hefti', 'defeat', 'midterm', 'elect', 'last', 'year', 'parti', 'aim', 'put', 'issu', 'center']"
"['desanti', 'campaign', 'strategi', 'fell', 'flat']","['oct', 'ron', 'desanti', 'speak', 'crowd', 'iowa', 'wear', 'navi', 'gov', 'ron', 'desanti', 'florida', 'presidenti', 'campaign', 'troubl', 'shake']"
"['biden', 'campaign', 'plot', 'strategi', 'democrat', 'fear']","['sep', 'differ', 'last', 'two', 'elect', 'say', 'intern', 'republican', 'resist', 'trump', 'biden']"
"['republican', 'face', 'dilemma', 'abort', 'right', 'issu', 'power']","['nov', 'victori', 'abort', 'right', 'campaign', 'democrat', 'week', 'elect', 'pose', 'dilemma', 'republican', 'campaign']"
"['rfk', 'presidenti', 'campaign', 'driven', 'conspiraci', 'theori', 'npr']","['jul', 'launch', 'campaign', 'challeng', 'presid', 'biden', 'democrat', 'presidenti', 'unit', 'state', 'problem', 'mission', 'next']"
"['poll', 'overwhelm', 'major', 'express', 'concern', 'biden', 'trump']","['sep', 'presidenti', 'elect', 'poll', 'also', 'show', 'trump', 'expand', 'nation', 'lead', 'republican', 'presidenti', 'nomin', 'contest']"
"['presidenti', 'candid', 'run', 'side']","['polici', 'tack', 'trump', 'right', 'issu', 'campaign', 'posit', 'presid', 'joe', 'biden', 'launch', 'campaign', 'urg', 'american']"
"['donald', 'trump', 'announc', 'white', 'hous', 'bid', 'cnn', 'polit']","['nov', 'mani', 'trump', 'top', 'advis', 'express', 'concern', 'fixat', 'promot', 'conspiraci', 'last', 'presidenti', 'elect', 'would', 'make']"
"['presidenti', 'candid', 'stand', 'immigr']","['oct', 'issu', 'go', 'american', 'valu', 'among', 'gop', 'presidenti', 'candid', 'propos', 'tri', 'send', 'militari', 'mexico', 'use']"
"['ron', 'desanti', 'earli', 'misstep', 'hamper', 'presidenti']","['sep', 'desanti', 'campaign', 'told', 'reuter', 'want', 'discus', 'past', 'strateg', 'decis', 'focus', 'prepar', 'first', 'nomin']"
"['biden', 'campaign', 'ramp', 'strategi', 'win', 'latino', 'voter']","['sep', 'elect', 'point', 'past', 'elect', 'cycl', 'shore', 'biden', 'campaign', 'strategi', 'also', 'design', 'address', 'concern']"
"['trump', 'unpreced', 'campaign', 'pitch', 'elect']","['jul', 'photo', 'former', 'presid', 'republican', 'presidenti', 'hope', 'donald', 'trump', 'speak', 'campaign', 'ralli', 'problem', 'sinc', 'launch']"
"['robert', 'kennedi', 'independ', 'run', 'presid', 'draw', 'gop']","['oct', 'polit', 'joe', 'biden', 'elect', 'congress', 'sport', 'ap', 'top', 'label', 'kennedi', 'campaign', 'noth', 'vaniti', 'project']"
"['dean', 'phillip', 'launch', 'primari', 'challeng', 'presid', 'biden']","['oct', 'america', 'choic', 'social', 'share', 'cnn', 'elect', 'center', 'track', 'campaign', 'key', 'issu', 'alreadi', 'phillip', 'campaign', 'strategi', 'caus']"
"['earli', 'campaign', 'strategi', 'play', 'biden', 'hit', 'road', 'first', 'time', 'sinc']","['may', 'u', 'presid', 'joe', 'biden', 'speak', 'hous', 'democrat', 'caucu', 'issu', 'confer', 'hyatt', 'regenc', 'presid', 'joe', 'biden', 'baltimor']"
"['presidenti', 'candid', 'stand', 'climat']","['biden', 'began', 'revers', 'environment', 'polici', 'enact', 'trump', 'almost', 'soon', 'sworn', 'januari', 'includ', 'immedi', 'reenter']"
"['abort', 'right', 'advoc', 'democrat', 'score', 'win', 'u', 'elect']","['nov', 'issu', 'democrat', 'ahead', 'presidenti', 'race', 'presidenti', 'nomin', 'contest', 'kick', 'presidenti', 'campaign', 'earnest']"
"['biden', 'quiet', 'strategi', 'new', 'york', 'time']","['apr', 'age', 'seem', 'exacerb', 'issu', 'upcom', 'campaign', 'imagin', 'verbal', 'misstep', 'could', 'caus', 'swing']"
"['new', 'strategi', 'remain', 'elus', 'desanti', 'despit', 'campaign']","['aug', 'staff', 'republican', 'presidenti', 'candid', 'ron', 'desanti', 'unlik', 'presag', 'major', 'strategi', 'shift', 'accord', 'sever']"
"['trump', 'say', 'elect', 'send', 'troop', 'border']","['sep', 'speak', 'support', 'iowa', 'republican', 'parti', 'first', 'nomin', 'contest', 'novemb', 'elect', 'held', 'januari']"
"['biden', 'face', 'critic', 'border', 'one']","['oct', 'biden', 'face', 'critic', 'border', 'one', 'biggest', 'problem', 'head', 'elect', 'campaign', 'treat']"
"['georg', 'santo', 'exit', 'set', 'competit', 'special', 'elect']","['day', 'ago', 'battl', 'replac', 'santo', 'could', 'shape', 'test', 'parti', 'strategi', 'ahead', 'democrat', 'republican', 'campaign']"
"['analysi', 'trump', 'main', 'elect', 'goal', 'save']","['jun', 'elect', 'address', 'press', 'issu', 'american', 'peopl', 'becom', 'mere', 'tool', 'crimin', 'defens', 'strategi']"
"['takeaway', 'new', 'poll', 'reveal', 'biden', 'challeng']","['nov', 'voter', 'even', 'democrat', 'run', 'elect', 'hit', 'issu', 'reson', 'elect', 'trigger', 'anoth', 'round', 'agon', 'among']"
"['michel', 'obama', 'campaign', 'strategi', 'steer', 'clear', 'hot', 'issu']","['may', 'presidenti', 'campaign', 'ramp', 'earlier', 'year', 'michel', 'obama', 'present', 'poet', 'maya', 'angel', 'award', 'hug', 'bet']"
"['ron', 'desanti', 'face', 'four', 'main', 'challeng', 'ahead']","['aug', 'ron', 'desanti', 'cut', 'back', 'reorgan', 'reset', 'refocus', 'presidenti', 'campaign', 'talk', 'republican', 'strategist']"
"['trump', 'lead', 'critic', 'state', 'voter', 'blast', 'biden']","['nov', 'presid', 'biden', 'trail', 'donald', 'trump', 'five', 'six', 'import', 'battleground', 'state', 'one', 'year', 'elect']"
"['kamala', 'harri', 'take', 'forc', 'new', 'role', 'campaign']","['aug', 'concern', 'futur', 'spread', 'democrat', 'ponder', 'whether', 'would', 'polit', 'liabil', 'ticket', 'harris', 'recent', 'move']"
"['group', 'odd', 'strategi', 'ahead', 'ohio', 'vote']","['sep', 'disagr', 'roil', 'side', 'six', 'week', 'elect', 'day', 'provid', 'window', 'challeng', 'wider']"
"['mom', 'liberti', 'emerg', 'forc', 'u', 'presidenti']","['jun', 'polici', 'central', 'campaign', 'volunt', 'sport', 'shirt', 'group', 'logo', 'seen', 'work', 'recent', 'desanti', 'presidenti']"
"['biden', 'make', 'lower', 'drug', 'price', 'centerpiec', 'campaign']","['aug', 'head', 'toward', 'campaign', 'next', 'year', 'presid', 'biden', 'bet', 'success', 'push', 'polici', 'intend', 'lower']"
"['desanti', 'tweak', 'messag', 'tactic', 'tough']","['aug', 'issu', 'look', 'right', 'campaign', 'new', 'hampshir', 'democrat', 'anxieti', 'presid', 'chanc', 'victori', 'presidenti']"
"['exclus', 'desanti', 'biggest', 'donor', 'warn', 'may', 'stop', 'fund']","['aug', 'concern', 'desanti', 'campaign', 'ask', 'specif', 'polici', 'bigelow', 'support', 'bigelow', 'cite', 'desanti', 'sign', 'april']"
"['takeaway', 'third', 'republican', 'presidenti', 'debat']","['nov', 'tactic', 'senat', 'tim', 'scott', 'contend', 'major', 'american', 'would', 'support', 'abort', 'limit', 'challeng', 'desanti']"
"['republican', 'climat', 'strategi', 'drill', 'le', 'clean']","['aug', 'new', 'york', 'time', 'ask', 'lead', 'republican', 'presidenti', 'candid', 'whether', 'support', 'project', 'strategi', 'none', 'campaign']"
"['trump', 'fuse', 'elect', 'crimin', 'case', 'one', 'campaign']","['aug', 'former', 'presid', 'leverag', 'legal', 'problem', 'sympathi', 'support', 'republican', 'voter', 'angri', 'govern']"
"['biden', 'draw', 'playbook', 'look', 'lot', 'like']","['feb', 'biden', 'kick', 'campaign', 'spring', 'wide', 'joe', 'biden', 'campaign', 'team', 'doesnt', 'strateg', 'problem']"
"['trump', 'turn', 'unthink', 'realiti', 'campaign', 'cnn']","['aug', 'donald', 'trump', 'day', 'trip', 'atlanta', 'jail', 'thursday', 'show', 'defin', 'moment', 'elect', 'like', 'happen']"
"['desanti', 'memo', 'reveal', 'debat', 'strategi', 'defend', 'trump']","['aug', 'presidenti', 'elect', 'run', 'issu', 'tracker', 'trump', 'polit', 'presidenti', 'campaign', 'shane']"
"['republican', 'set', 'push', 'mail', 'ballot', 'vote', 'method', 'previous']","['jun', 'poi', 'launch', 'aggress', 'campaign', 'employ', 'strategi', 'polit', 'joe', 'biden']"
"['rfk', 'presidenti', 'candid', 'said', 'ukrain']","['jun', 'elect', 'section', 'meanwhil', 'kennedi', 'larg', 'shi', 'away', 'address', 'issu', 'vaccin', 'campaign', 'trail']"
"['trump', 'way', 'ahead', 'republican', 'poll', 'iowa', 'becom']","['jul', 'florida', 'governor', 'ron', 'desanti', 'campaign', 'make', 'bet', 'halt', 'donald', 'trump', 'march', 'republican', 'presidenti']"
"['could', 'run', 'presidenti', 'elect', 'reuter']","['nov', 'campaign', 'focus', 'nation', 'polit', 'issu', 'like', 'abort', 'right', 'immigr', 'advertis', 'scroll', 'continu', 'newsom']"
"['virginia', 'youngkin', 'paus', 'possibl', 'campaign', 'new']","['apr', 'youngkin', 'give', 'presidenti', 'run', 'cold', 'shoulder', 'glenn', 'youngkin', 'seen', 'promis', 'candid', 'elect', 'governor']"
"['presidenti', 'candid', 'stand', 'crime']","['oct', 'polic', 'crimin', 'justic', 'two', 'issu', 'campaign', 'trail', 'ahead', 'presidenti', 'elect']"
"['robert', 'kennedi', 'launch', 'presidenti', 'bid', 'cnn', 'polit']","['apr', 'mission', 'next', 'month', 'campaign', 'throughout', 'presid', 'said', 'end', 'corrupt', 'merger', 'state']"
"['tether', 'togeth', 'biden', 'harri', 'move', 'toward']","['mar', 'campaign', 'advertis', 'scroll', 'continu', 'think', 'actual', 'one', 'fundament', 'strateg', 'challeng', 'biden']"
"['abort', 'ban', 'rais', 'fear', 'insid', 'gop', 'backlash', 'ap']","['apr', 'pressur', 'ensur', 'issu', 'remain', 'central', 'campaign', 'republican', 'presidenti', 'prospect', 'begin', 'fan', 'across']"
"['big', 'idea', 'republican', 'push', 'cnn']","['jul', 'big', 'idea', 'period', 'american', 'polit', 'time', 'occur', 'view', 'distinct', 'daili', 'polit', 'issu', 'thing']"
"['presid', 'joe', 'biden', 'announc', 'reelect', 'bid', 'ap', 'new']","['apr', 'polit', 'group', 'grassroot', 'organ', 'state', 'parti', 'offici', 'strategi', 'campaign', 'said', 'presid', 'set', 'huddl', 'later']"
"['ron', 'desanti', 'launch', 'presidenti', 'campaign', 'ahead']","['may', 'enter', 'race', 'look', 'trump', 'earli', 'poll', 'face', 'seriou', 'question', 'polici']"
"['presidenti', 'campaign', 'biden', 'differ']","['apr', 'evan', 'osno', 'author', 'staff', 'writer', 'new', 'yorker', 'talk', 'presid', 'biden', 'strategi', 'anticip', 'run', 'presid']"
"['trump', 'slow', 'start', 'worri', 'alli', 'cnn', 'polit']","['dec', 'back', 'donald', 'trump', 'first', 'campaign', 'ralli', 'iowa', 'contend', 'republican', 'presidenti', 'nomin', 'came', 'hour']"
"['robert', 'kennedi', 'launch', 'presidenti', 'bid', 'cnn', 'polit']","['apr', 'mission', 'next', 'month', 'campaign', 'throughout', 'presid', 'said', 'end', 'corrupt', 'merger', 'state']"
"['chri', 'christi', 'issu']","['jun', 'former', 'new', 'jersey', 'gov', 'chri', 'christi', 'set', 'apart', 'gop', 'presidenti', 'contend', 'forc', 'take', 'former', 'presid']"
"['democrat', 'win', 'new', 'york', 'signal', 'power', 'abort', 'issu']","['aug', 'campaign', 'strategi', 'ryan', 'elect', 'determin', 'balanc', 'power', 'congress', 'presidenti', 'elect']"
"['joe', 'biden', 'presid', 'announc', 'reelect', 'bid', 'say', 'battl']","['apr', 'challeng', 'come', 'campaign', 'first', 'former', 'congression', 'lawmak', 'elect', 'offic', 'sixth', 'youngest', 'u', 'senat']"
"['desanti', 'presidenti', 'campaign', 'cut', 'staff', 'new', 'financi']","['jul', 'florida', 'governor', 'polit', 'organ', 'rais', 'money', 'republican', 'seek', 'nomin', 'shown']"
"['georgia', 'liber', 'organ', 'warn', 'cash', 'crunch', 'apathi']","['day', 'ago', 'presidenti', 'elect', 'run', 'issu', 'tracker', 'trump', 'plan', 'timessiena', 'poll', 'listen', 'advertis']"
"['white', 'hous', 'hope', 'tim', 'scott', 'call', 'uniti', 'mani']","['apr', 'issu', 'style', 'howev', 'black', 'republican', 'polit', 'oppon', 'other', 'oppos', 'polici', 'recent', 'month']"
"['cnn', 'poll', 'biden', 'face', 'neg', 'job', 'rate', 'concern']","['sep', 'nearli', 'half', 'regist', 'voter', 'say', 'republican', 'presidenti', 'nomine', 'would', 'better', 'choic', 'biden']"
"['virginia', 'next', 'big', 'battleground', 'abort', 'right', 'may', 'send']","['sep', 'polit', 'joe', 'biden', 'elect', 'congress', 'sport', 'ap', 'top', 'issu', 'said', 'he', 'hear', 'voter', 'constantli']"
"['group', 'launch', 'campaign', 'keep', 'suprem', 'court', 'front']","['jun', 'campaign', 'elev', 'import', 'suprem', 'court', 'elect', 'cycl', 'senat', 'race', 'keep', 'high', 'court', 'salient', 'issu']"
"['recent', 'day', 'reveal', 'profound', 'truth', 'elect']","['sep', 'trump', 'campaign', 'strategi', 'present', 'indict', 'exampl', 'polit', 'persecut', 'work', 'among', 'republican', 'voter']"
"['tim', 'scott', 'spend', 'million', 'campaign', 'money']","['jul', 'presidenti', 'elect', 'intensifi', 'major', 'primari', 'challeng', 'incumb', 'unlik', 'despit', 'concern']"
"['analysi', 'donald', 'trump', 'day', 'court', 'paint', 'dark', 'preview']","['nov', 'elect', 'season', 'like', 'becom', 'ensnar', 'massiv', 'legal', 'peril', 'polit', 'candid', 'u', 'presid', 'obstruct']"
"['elect', 'result', 'biggest', 'moment', 'key', 'race', 'ap', 'new']","['nov', 'democrat', 'big', 'abort', 'right', 'tuesday', 'here', 'result', 'say', 'u', 'go', 'key', 'issu', 'democrat', 'got', 'evid']"
"['biden', 'weigh', 'econom', 'concern', 'age', 'potenti']","['sep', 'presid', 'joe', 'biden', 'chanc', 'jeopard', 'voter', 'concern', 'age', 'economi', 'crime']"
"['ron', 'desanti', 'join', 'white', 'hous', 'race', 'trip', 'chaotic', 'twitter']","['may', 'republican', 'presidenti', 'trump', 'announc', 'novemb', 'also', 'head', 'start', 'organ', 'campaign', 'key', 'earli', 'vote', 'state']"
"['presidenti', 'candid', 'stand']","['oct', 'evolut', 'cultur', 'war', 'america', 'across', 'polit', 'spectrum', 'american', 'fight', 'defin', 'nation', 'cultur', 'lgbtq', 'issu']"
"['polit', 'campaign', 'use', 'data', 'elect']","['oct', 'key', 'issu', 'polit', 'campaign', 'use', 'data', 'campaign', 'know', 'voter', 'use', 'shape', 'strategi']"
"['guid', 'presidenti', 'elect', 'wsj']","['oct', 'issu', 'elect', 'cycl', 'gop', 'candid', 'said', 'polici', 'migrant', 'enter', 'countri', 'southern', 'border']"
"['onetim', 'trump', 'loyalist', 'penc', 'christi', 'sharpen']","['jun', 'elect', 'section', 'photo', 'former', 'vice', 'presid', 'mike', 'penc', 'make', 'presidenti', 'campaign', 'announc', 'publicli']"
"['takeaway', 'first', 'republican', 'presidenti', 'debat', 'cnn', 'polit']","['aug', 'presidenti', 'campaign', 'milwauke', 'wisconsin', 'august', 'instead', 'push', 'consensu', 'issu', 'encourag']"
"['fact', 'check', 'fals', 'mislead', 'claim', 'trump', 'made']","['nov', 'former', 'presid', 'donald', 'trump', 'began', 'presidenti', 'campaign', 'challeng', 'interest', 'drug', 'use', 'punish', 'china', 'trump']"
"['target', 'research', 'studi', 'disinform', 'ahead']","['jun', 'target', 'research', 'studi', 'disinform', 'ahead', 'elect', 'legal', 'campaign', 'univers', 'think', 'tank', 'seek', 'undermin']"
"['run', 'presid', 'see', 'rundown', 'candid']","['jun', 'former', 'arkansa', 'governor', 'launch', 'presidenti', 'campaign', 'april', 'bentonvil', 'pledg', 'bring', 'best', 'america']"
"['polit', 'new', 'york', 'time']","['indict', 'plot', 'overturn', 'elect', 'campaign', 'promis', 'shatter', 'democrat', 'norm', 'second', 'term', 'donald', 'trump', 'want', 'voter', 'see', 'joe']"
"['outrais', 'embattl', 'lauren', 'boebert', 'head', 'back', 'colorado']","['oct', 'american', 'polit', 'colorado', 'boebert', 'updat', 'campaign', 'strategi', 'far', 'remov', 'pelosi', 'elect', 'adag', 'own']"
"['trump', 'vow', 'care', 'minor']","['jan', 'polit', 'new', 'world', 'busi', 'nbc', 'new', 'tiplin', 'video', 'health', 'cultur', 'trend', 'meet', 'press', 'elect', 'trump', 'vow']"
"['presidenti', 'elect', 'candid', 'new']","['nov', 'democrat', 'side', 'biden', 'similarli', 'domin', 'field', 'campaign', 'candid', 'enter', 'exit', 'race']"
"['desanti', 'alli', 'plan', 'beat', 'trump', 'presidenti']","['may', 'issu', 'school', 'take', 'corpor', 'america', 'beat', 'trump', 'roe', 'said', 'point', 'desantiss', 'assert']"
"['vivek', 'ramaswami', 'youngest', 'candid', 'gop']","['may', 'event', 'goer', 'hold', 'pamphlet', 'entrepreneur', 'presidenti', 'ramaswami', 'acknowledg', 'racist', 'polici', 'exist', 'time']"
"['contest', 'come', 'view', 'hurdl', 'parti', 'ap', 'new']","['jan', 'though', 'mani', 'voter', 'may', 'tire', 'campaign', 'polit', 'especi', 'midterm', 'elect']"
"['messag', 'central', 'gop', 'strategi', 'voter', 'buy']","['apr', 'gop', 'messag', 'may', 'bolster', 'cultur', 'war', 'bring', 'actual', 'voter', 'elect', 'expert', 'told', 'usa', 'today']"
"['presidenti', 'candid', 'stand', 'abort', 'take']","['aug', 'columbia', 'ap', 'year', 'suprem', 'court', 'overturn', 'feder', 'right', 'abort', 'issu', 'time']"
"['presidenti', 'elect', 'candid', 'new']","['nov', 'nikki', 'haley', 'former', 'governor', 'south', 'carolina', 'unit', 'nation', 'ambassador', 'trump', 'present', 'member', 'new']"
"['u', 'presidenti', 'elect', 'candid', 'reuter']","['day', 'ago', 'seven', 'republican', 'candid', 'jostl', 'parti', 'presidenti', 'nomine', 'gener', 'elect', 'presid', 'joe', 'biden']"
"['presidenti', 'candid', 'republican', 'field', 'cnn', 'polit']","['nov', 'republican', 'presidenti', 'candid', 'donald', 'trump', 'ron', 'desanti', 'nikki', 'haley', 'vivek', 'ramaswami', 'chri', 'christi', 'doug', 'burgum', 'asa']"
"['presidenti', 'candid', 'run', 'side']","['candid', 'ron', 'desanti', 'governor', 'florida', 'former', 'repres', 'long', 'view', 'strongest', 'potenti', 'challeng', 'trump']"
"['elect', 'new', 'poll', 'result', 'cnn', 'polit']","['day', 'ago', 'america', 'choic', 'let', 'cnn', 'guid', 'elect', 'track', 'campaign', 'presidenti', 'candid', 'stand', 'key']"
"['u', 'presidenti', 'elect', 'date', 'candid', 'latest', 'issu']","['sep', 'gener', 'elect', 'held', 'key', 'issu', 'abort', 'democrat', 'plan', 'make', 'abort', 'central']"
"['run', 'presid', 'meet', 'candid']","['presidenti', 'incumb', 'presid', 'biden', 'republican', 'presidenti', 'candid', 'donald', 'trump', 'nikki', 'haley', 'vivek', 'ramaswami', 'asa', 'hutchinson', 'ron']"
"['mom', 'liberti', 'emerg', 'forc', 'u', 'presidenti']","['jun', 'mom', 'liberti', 'emerg', 'forc', 'u', 'presidenti', 'elect', 'presidenti', 'candid', 'work', 'harder', 'align']"
"['run', 'presid', 'see', 'rundown', 'candid']","['jun', 'roughli', 'year', 'half', 'presidenti', 'elect', 'field', 'candid', 'larg', 'set', 'polit', 'joe', 'biden']"
"['run', 'presid', 'drop', 'abc']","['list', 'candid', 'includ', 'joe', 'biden', 'donald', 'trump', 'ron', 'desanti', 'byabc', 'new', 'octob']"
"['fourth', 'republican', 'presidenti', 'debat']","['day', 'ago', 'candid', 'presidenti', 'debat', 'presidenti', 'acquir', 'licens', 'right', 'read', 'washington', 'nov', 'reuter']"
"['presidenti', 'elect', 'calendar', 'key', 'date', 'event', 'cnn']","['held', 'candid', 'u', 'hous', 'receiv', 'vote', 'june', 'primari', 'august', 'tennesse']"
"['run', 'u', 'presidenti', 'elect', 'reuter']","['may', 'run', 'u', 'presidenti', 'elect', 'republican', 'parti', 'ron', 'desanti', 'mike', 'penc', 'vivek', 'ramaswami', 'nikki', 'haley', 'tim', 'scott', 'asa']"
"['biden', 'trump', 'unpopular', 'buoy', 'third', 'parti', 'hope', 'u']","['nov', 'biden', 'trump', 'face', 'primari', 'challeng', 'expect', 'emerg', 'parti', 'candid', 'despit', 'deep', 'concern', 'biden']"
"['run', 'presid', 'rundown', 'candid']","['oct', 'who', 'run', 'presid', 'here', 'rundown', 'candid', 'republican', 'primari', 'field', 'donald', 'trump', 'ron', 'desanti', 'tim', 'scott', 'nikki']"
"['u', 'presidenti', 'elect', 'still']","['may', 'joe', 'biden', 'biden', 'alreadi', 'oldest', 'presid', 'ever', 'convinc', 'voter', 'stamen', 'anoth', 'four', 'year']"
"['chair', 'desanti', 'super', 'pac', 'quit', 'latest', 'blow', 'presidenti']","['day', 'ago', 'elect', 'stori', 'result', 'data', 'washington', 'dec', 'reuter', 'chairman', 'main', 'polit', 'action', 'committe', 'support']"
"['presidenti', 'candid', 'stand', 'climat']","['presidenti', 'elect', 'may', 'prove', 'pivot', 'countri', 'fight', 'climat', 'chang']"
"['takeaway', 'third', 'republican', 'presidenti', 'debat']","['nov', 'elect', 'stori', 'result', 'data', 'miami', 'nov', 'reuter', 'five', 'candid', 'seek', 'halt', 'donald', 'trump', 'march', 'toward']"
"['biden', 'trail', 'trump', 'u', 'elect', 'key', 'state', 'poll', 'show']","['nov', 'biden', 'campaign', 'react', 'final', 'presidenti', 'campaign', 'debat', 'nashvil', 'democrat', 'presidenti', 'candid', 'former', 'vice', 'presid', 'joe']"
"['run', 'presid', 'see', 'rundown', 'candid']","['oct', 'who', 'run', 'presid', 'see', 'rundown', 'candid', 'republican', 'primari', 'field', 'donald', 'trump', 'ron', 'desanti', 'mike', 'penc', 'tim', 'scott']"
"['u', 'presidenti', 'race', 'key', 'date', 'reuter']","['sep', 'elect', 'presid', 'joe', 'biden', 'face', 'littl', 'opposit', 'democrat', 'parti', 'presidenti', 'candid', 'debat']"
"['elect', 'new', 'top', 'headlin', 'latest', 'poll', 'analysi']","['presidenti', 'elect', 'reverber', 'economi', 'climat', 'polici', 'social', 'issu', 'geopolit', 'follow', 'stori', 'result', 'data']"
"['list', 'republican', 'presidenti', 'candid', 'npr']","['mar', 'riot', 'capitol', 'continu', 'lie', 'presidenti', 'elect', 'major', 'consist', 'disapprov']"
"['republican', 'could', 'run', 'presid', 'reuter']","['nov', 'florida', 'governor', 'ron', 'desanti', 'republican', 'ron', 'desanti', 'florida', 'governor', 'could', 'trump', 'lead', 'rival', 'nomin']"
"['could', 'run', 'presidenti', 'elect', 'reuter']","['nov', 'could', 'run', 'presidenti', 'elect', 'presid', 'joe', 'biden', 'former', 'presid', 'donald', 'trump', 'vice', 'presid', 'kamala', 'harri', 'florida']"
"['tim', 'scott', 'lone', 'black', 'republican', 'u', 'senat', 'end', 'white', 'hous']","['nov', 'senat', 'tim', 'scott', 'suspend', 'run', 'republican', 'presidenti', 'elect', 'candid', 'presidenti', 'debat']"
"['republican', 'hope', 'haley', 'make', 'major', 'ad', 'buy', 'rival', 'scott']","['nov', 'presid', 'joe', 'biden', 'gener', 'elect', 'haley', 'former', 'ambassador', 'unit', 'nation', 'third', 'place', 'nomin']"
"['democrat', 'run', 'presid', 'reuter']","['sep', 'presid', 'joe', 'biden', 'took', 'offic', 'earli', 'face', 'littl', 'opposit', 'bid', 'presidenti', 'elect']"
"['donald', 'trump', 'announc', 'white', 'hous', 'bid', 'cnn', 'polit']","['nov', 'former', 'presid', 'donald', 'trump', 'announc', 'run', 'presid', 'presidenti', 'campaign', 'among']"
"['u', 'presidenti', 'elect', 'still']","['apr', 'u', 'presidenti', 'elect', 'still', 'think', 'tim', 'scott', 'joe', 'biden', 'donald', 'trump', 'ron', 'desanti', 'nikki']"
"['deepfak', 'america', 'elect', 'collid', 'ai', 'boom', 'reuter']","['may', 'welcom', 'america', 'presidenti', 'race', 'realiti', 'grab', 'candid', 'particip', 'third', 'debat']"
"['independ', 'candid', 'could', 'threaten']","['oct', 'polit', 'joe', 'biden', 'elect', 'congress', 'sport', 'ap', 'top', 'campaign', 'ralli', 'democrat', 'presidenti', 'candid']"
"['next', 'presidenti', 'elect', 'vote']","['feb', 'next', 'elect', 'mark', 'america', 'presidenti', 'contest', 'rematch', 'may', 'order', 'candid']"
"['desanti', 'bounc', 'republican', 'debat', 'poll']","['aug', 'candid', 'debat', 'presidenti', 'campaign', 'milwauke', 'acquir', 'licens', 'right', 'read', 'washington', 'aug', 'reuter']"
"['trump', 'rival', 'clash', 'debat', 'littl', 'dent', 'lead', 'reuter']","['nov', 'candid', 'presidenti', 'debat', 'presidenti', 'campaign', 'host', 'acquir', 'licens', 'right', 'read', 'haley', 'offer']"
"['explain', 'elect', 'denier', 'could', 'win']","['nov', 'candid', 'get', 'state', 'presidenti', 'elector', 'vote', 'present', 'assault', 'capitol', 'advertis', 'scroll']"
"['trump', 'absent', 'republican', 'rival', 'trade', 'attack', 'first']","['aug', 'eight', 'republican', 'presidenti', 'candid', 'trade', 'barb', 'wednesday', 'first', 'debat', 'elect', 'jockey', 'posit']"
"['republican', 'presidenti', 'candid', 'stand', 'china']","['nov', 'presidenti', 'elect', 'mani', 'gop', 'candid', 'size', 'tension', 'china', 'term', 'similar', 'democrat']"
"['elect', 'denier', 'ballot', 'aim', 'run', 'presidenti', 'vote']","['nov', 'accord', 'sever', 'trump', 'advis', 'ahead', 'tuesday', 'elect', 'biden', 'accus', 'trump', 'inspir', 'republican', 'elect', 'denier', 'candid']"
"['u', 'manchin', 'outlin', 'pressur', 'campaign', 'major']","['jul', 'maverick', 'democrat', 'senat', 'joe', 'manchin', 'monday', 'said', 'believ', 'candid', 'run', 'presidenti']"
"['first', 'republican', 'presidenti', 'debat', 'highlight', 'four', 'takeaway']","['aug', 'eight', 'contend', 'republican', 'presidenti', 'candid', 'stage', 'ask', 'trump', 'effort', 'overturn', 'elect']"
"['presidenti', 'candid', 'comprehens', 'list', 'everyon']","['jun', 'joe', 'biden', 'dean', 'phillip', 'mariann', 'williamson', 'ryan', 'binkley', 'doug', 'burgum', 'chri', 'christi', 'ron', 'desanti', 'larri', 'elder', 'nikki', 'haley']"
"['run', 'presidenti', 'primari', 'elect']","['jun', 'grow', 'field', 'republican', 'candid', 'battl', 'parti', 'nomin', 'chanc', 'face', 'democrat', 'incumb', 'joe', 'biden']"
"['much', 'money', 'presidenti', 'candid', 'rais']","['aug', 'trump', 'mostli', 'rais', 'money', 'joint', 'committe', 'save', 'america', 'pas', 'money', 'campaign', 'committe', 'well']"
"['nikki', 'haley', 'face', 'tough', 'math', 'beat', 'trump', 'reuter']","['day', 'ago', 'u', 'elect', 'stori', 'result', 'data', 'washington', 'nov', 'presidenti', 'candid', 'donald', 'trump', 'attend', 'commit', 'caucu']"
"['poll', 'overwhelm', 'major', 'express', 'concern', 'biden', 'trump']","['sep', 'presidenti', 'elect', 'poll', 'also', 'show', 'trump', 'expand', 'candid', 'presid', 'biden', 'disapprov', 'rate', 'reach', 'new', 'high']"
"['republican', 'debat', 'candid', 'turn', 'one', 'anoth', 'absenc']","['sep', 'candid', 'debat', 'presidenti', 'campaign', 'ronald', 'reagan', 'presidenti', 'librari', 'simi', 'acquir', 'licens', 'right', 'read']"
"['eminem', 'ask', 'republican', 'ramaswami', 'use', 'music']","['aug', 'washington', 'aug', 'reuter', 'rapper', 'eminem', 'ask', 'republican', 'presidenti', 'candid', 'vivek', 'ramaswami', 'multimillionair', 'former']"
"['u', 'republican', 'presidenti', 'candid', 'tout', 'israel', 'support']","['oct', 'brook', 'said', 'rjc', 'donor', 'separ', 'spent', 'million', 'million', 'elect', 'cycl', 'report', 'alexandra', 'ulmer', 'addit']"
"['trump', 'absent', 'desanti', 'like', 'top', 'target', 'republican']","['aug', 'first', 'republican', 'debat', 'presidenti', 'campaign', 'rick', 'santorum', 'former', 'senat', 'republican', 'presidenti', 'candid']"
"['nikki', 'haley', 'take', 'donald', 'trump', 'republican']","['feb', 'potenti', 'candid', 'includ', 'former', 'vice', 'presid', 'mike', 'penc', 'candid', 'support', 'trump', 'fals', 'elect', 'fraud', 'claim']"
"['republican', 'debat', 'candid', 'turn', 'one', 'anoth', 'absenc']","['sep', 'candid', 'debat', 'presidenti', 'campaign', 'ronald', 'reagan', 'presidenti', 'librari', 'simi', 'acquir', 'licens', 'right', 'read']"
"['second', 'republican', 'primari', 'debat']","['sep', 'least', 'six', 'republican', 'candid', 'take', 'part', 'second', 'republican', 'presidenti', 'debat', 'california']"
"['takeaway', 'second', 'republican', 'presidenti', 'debat']","['sep', 'ask', 'flow', 'illeg', 'immigr', 'across', 'america', 'southern', 'border', 'candid', 'tri', 'outdo', 'one', 'anoth', 'show', 'hardlin']"
"['trump', 'launch', 'presidenti', 'run', 'get', 'jump', 'rival']","['nov', 'trump', 'play', 'activ', 'role', 'midterm', 'recruit', 'promot', 'candid', 'echo', 'fals', 'claim', 'elect', 'stolen']"
"['pictur', 'republican', 'seek', 'breakout', 'second', 'presidenti']","['sep', 'presidenti', 'candid', 'particip', 'second', 'debat', 'presidenti', 'campaign', 'former', 'biotech', 'execut']"
"['rfk', 'could', 'chang', 'outcom', 'elect', 'cnn']","['nov', 'thing', 'certain', 'life', 'democrat', 'republican', 'win', 'u', 'presidenti', 'elect', 'dont', 'usual']"
"['presidenti', 'candid', 'stand', 'elect']","['oct', 'here', 'presidenti', 'candid', 'stand', 'elect', 'vote', 'joe', 'biden', 'robert', 'kennedi', 'mariann', 'williamson', 'donald', 'trump']"
"['candid', 'qualifi', 'second', 'republican', 'debat']","['sep', 'ron', 'desanti', 'campaign', 'launch', 'may', 'twitter', 'call', 'x', 'desanti', 'posit', 'right', 'trump']"
"['run', 'presid', 'meet', 'candid']","['republican', 'presidenti', 'candid', 'nikki', 'haley', 'take', 'photo', 'support', 'end', 'campaign', 'event', 'nikki', 'haley', 'meet', 'support', 'campaign', 'event']"
"['presidenti', 'candid', 'stand', 'abort', 'take']","['aug', 'polit', 'joe', 'biden', 'elect', 'congress', 'sport', 'ap', 'top', 'elect', 'major', 'presidenti', 'candid', 'join']"
"['biden', 'maintain', 'edg', 'trump', 'u', 'elect']","['may', 'poll', 'democrat', 'republican', 'said', 'favor', 'presidenti', 'candid', 'support', 'tougher', 'measur', 'secur', 'border']"
"['rfk', 'jr', 'could', 'draw', 'one', 'seven', 'u', 'voter', 'presidenti']","['oct', 'rfk', 'jr', 'could', 'draw', 'one', 'seven', 'u', 'voter', 'presidenti', 'elect', 'reutersipso', 'poll', 'show', 'candid', 'donald', 'trump', 'attend', 'commit']"
"['donald', 'trump', 'setback', 'mean', 'campaign']","['dec', 'senat', 'candid', 'back', 'lost', 'runoff', 'elect', 'color', 'former', 'presid', 'campaign']"
"['rfk', 'could', 'hurt', 'biden', 'trump', 'elect']","['oct', 'presidenti', 'candid', 'robert', 'kennedi', 'like', 'independ', 'bid', 'white', 'hous', 'may', 'complic', 'race']"
"['robert', 'kennedi', 'launch', 'presidenti', 'bid', 'cnn', 'polit']","['apr', 'u', 'attorney', 'gener', 'assassin', 'presidenti', 'candid', 'robert', 'kennedi', 'join', 'guru', 'mariann', 'williamson', 'presidenti']"
"['bid', 'could', 'draw', 'vote', 'major', 'parti']","['day', 'ago', 'parti', 'candid', 'could', 'affect', 'presidenti', 'elect', 'appeal', 'court', 'trump', 'immun', 'civil', 'lawsuit']"
"['latest', 'news', 'third', 'republican', 'debat', 'miami']","['nov', 'republican', 'presidenti', 'candid', 'face', 'tonight', 'miami', 'third', 'primari', 'debat', 'cycl', 'follow', 'latest', 'live']"
"['presidenti', 'candid', 'stand', 'immigr']","['oct', 'immigr', 'emerg', 'major', 'issu', 'ahead', 'presidenti', 'elect', 'next', 'fall', 'top', 'prioriti', 'asa', 'hutchinson']"
"['presidenti', 'candid', 'stand', 'immigr']","['oct', 'immigr', 'emerg', 'major', 'issu', 'ahead', 'presidenti', 'elect', 'next', 'fall', 'top', 'prioriti', 'asa', 'hutchinson']"
"['label', 'elect', 'chair']","['jul', 'polit', 'lieberman', 'former', 'senat', 'unsuccess', 'vice', 'presidenti', 'candid', 'said', 'label', 'hope', 'offer', 'legitim']"
"['polic', 'say', 'u', 'republican', 'ramaswami', 'car', 'hit', 'accid']","['oct', 'candid', 'debat', 'ramaswami', 'campaign', 'immedi', 'respond', 'request', 'comment', 'presidenti']"
"['takeaway', 'first', 'republican', 'presidenti', 'debat', 'cnn', 'polit']","['aug', 'presidenti', 'campaign', 'milwauke', 'wisconsin', 'august', 'haley', 'call', 'candid', 'honest']"
"['ukrain', 'aid', 'face', 'stress', 'test', 'gop', 'presidenti']","['aug', 'last', 'time', 'isolationist', 'tradit', 'power', 'america', 'led', 'catastroph', 'result', 'biden', 'campaign', 'spokesman', 'kevin', 'munoz']"
"['desanti', 'dream', 'race', 'hold', 'other', 'shine']","['aug', 'florida', 'governor', 'ron', 'desanti', 'emerg', 'first', 'republican', 'presidenti', 'debat', 'retain', 'posit', 'donald', 'trump', 'top', 'rival']"
"['vivek', 'ramaswami', 'youngest', 'candid', 'gop']","['may', 'ive', 'live', 'full', 'arc', 'american', 'dream', 'republican', 'presidenti', 'candid', 'list', 'run', 'elect', 'republican']"
"['presidenti', 'candid', 'stand', 'crime']","['oct', 'here', 'presidenti', 'candid', 'stand', 'crime', 'crimin', 'justic', 'joe', 'biden', 'robert', 'kennedi', 'mariann', 'williamson', 'donald']"
"['u', 'suprem', 'court', 'rebuff', 'candid', 'bid', 'disqualifi']","['oct', 'u', 'suprem', 'court', 'rebuff', 'candid', 'bid', 'disqualifi', 'trump', 'attack', 'capitol']"
"['vivek', 'ramaswami', 'republican', 'presidenti', 'hope', 'reuter']","['aug', 'presidenti', 'elect', 'vote', 'contribut', 'republican', 'democrat', 'candid', 'say']"
"['republican', 'schedul', 'presidenti', 'debat']","['jun', 'first', 'republican', 'presidenti', 'debat', 'elect', 'cycl', 'held', 'candid', 'particip', 'must', 'pledg']"
"['republican', 'candid', 'run', 'presid', 'reuter']","['aug', 'presid', 'joe', 'biden', 'novemb', 'elect', 'ron', 'desanti', 'republican', 'presidenti', 'candid', 'particip', 'first', 'campaign']"
"['candid', 'run', 'u', 'presidenti', 'elect']","['jun', 'file', 'photo', 'former', 'presid', 'republican', 'presidenti', 'candid', 'donald', 'trump', 'attend', 'campaign', 'event', 'manchest', 'new', 'hampshir']"
"['robert', 'kennedi', 'announc', 'independ', 'run', 'presid']","['oct', 'mark', 'gorton', 'american', 'valu', 'super', 'pac', 'support', 'kennedi', 'campaign', 'said', 'candid', 'need', 'prove']"
"['republican', 'candid', 'run', 'presid', 'reuter']","['jun', 'trump', 'republican', 'race', 'ron', 'desanti', 'republican', 'presidenti', 'candid', 'particip', 'first', 'campaign']"
"['elect', 'result', 'biggest', 'moment', 'key', 'race', 'ap', 'new']","['nov', 'elect', 'major', 'implic', 'state', 'provid', 'snapshot', 'american', 'polit', 'head', 'two', 'big']"
"['scholar', 'activist', 'cornel', 'west', 'say', 'run', 'presid']","['jun', 'unit', 'state', 'candid', 'peopl', 'parti', 'west', 'said', 'addit', 'biden', 'trump', 'sever', 'candid', 'make']"
"['group', 'afp', 'readi', 'back', 'new', 'republican', 'candid']","['feb', 'elect', 'case', 'pm', 'pst', 'republican', 'candid', 'particip', 'third', 'debat', 'presidenti', 'campaign', 'miami']"
"['eight', 'republican', 'candid', 'qualifi', 'first', 'gop', 'debat', 'ap']","['republican', 'hold', 'first', 'presidenti', 'debat', 'campaign', 'former', 'presid', 'donald', 'trump', 'say', 'hell', 'skip']"
"['trump', 'lead', 'biden', 'nearli', 'everi', 'battleground', 'state', 'new', 'poll']","['nov', 'presid', 'biden', 'trail', 'donald', 'trump', 'five', 'six', 'import', 'battleground', 'state', 'one', 'year', 'elect']"